ECOICOP,COICOP6,COICOP6-description,ESBA,ESBA-description,GTIN,GTIN-description
01161,11610709,Overig fruit,820506,meloen,8717900000000,watermeloen
01161,11610708,"Aardbeien, bessen en kiwi",820504,aardbeien,8710400000000,nederlandse aardbeien
01161,11610703,Druiven,820502,druiven,6009520000000,pitloze rode druiven
01161,11610706,Fruitsalades,820700,fruitsalades,8718910000000,fruitsalade r druiven
01161,11610703,Druiven,820502,druiven,8718910000000,strawberry grape
01161,11610702,Appels,820301,appelen zak,8710400000000,granny smith
01161,11610703,Druiven,820502,druiven,6006260000000,pitloze rode druiven
01161,11610706,Fruitsalades,820700,fruitsalades,8710400000000,granaatappelpit chunks
01161,11610709,Overig fruit,820503,exoten,8710400000000,carambola
01161,11610709,Overig fruit,820503,exoten,2223960000000,pitahaya
01161,11610709,Overig fruit,820507,steenfruit,8710400000000,nederlands kersen
01161,11610705,Overig citrusvruchten,820000,citroenen,8710400000000,citroen los
01161,11610705,Overig citrusvruchten,820001,grapefruits,8710400000000,rode grapefruit los
01161,11610708,"Aardbeien, bessen en kiwi",820504,aardbeien,8718270000000,aardbeien
01161,11610709,Overig fruit,820503,exoten,2262600000000,fruit van de maand
01161,11610708,"Aardbeien, bessen en kiwi",820504,aardbeien,8710400000000,aardbeien
01161,11610706,Fruitsalades,820700,fruitsalades,8718270000000,verse ana kiwi rode dr
01161,11610708,"Aardbeien, bessen en kiwi",220907,kiwifruit,4388810000000,kiwi groen
01161,11610707,Peren,820601,peren los,2260770000000,packham peren gelegd
01161,11610706,Fruitsalades,820700,fruitsalades,8718910000000,gr smooth baby boeren
01161,11610706,Fruitsalades,820700,fruitsalades,8710400000000,verse ananas 250gr
01161,11610705,Overig citrusvruchten,820508,citrus tafel,2266890000000,pomelo
01161,11610703,Druiven,820502,druiven,4260370000000,pitloze witte druiven
01161,11610708,"Aardbeien, bessen en kiwi",820504,aardbeien,8718910000000,aardbei hartverpakking
01161,11610705,Overig citrusvruchten,820508,citrus tafel,2262860000000,sinaasappel
01161,11610702,Appels,820600,appelen los,2260880000000,delcorf los
01161,11610702,Appels,820301,appelen zak,8710400000000,goudreinette
01161,11610708,"Aardbeien, bessen en kiwi",820504,aardbeien,8718910000000,bio aardbeien
01161,11610709,Overig fruit,820503,exoten,8713130000000,physalis
01161,11610709,Overig fruit,820500,mango,8718910000000,mango eetrijp
01161,11610709,Overig fruit,257200,snoepgroente   fruit,8710400000000,partjes rode appel
01161,11610706,Fruitsalades,256702,fruitsalade,8710400000000,mango salade
01161,11610707,Peren,820400,peren schalen,8718270000000,conference
01161,11610708,"Aardbeien, bessen en kiwi",220907,kiwifruit,8007890000000,kiwi bak vvp
01161,11610705,Overig citrusvruchten,820000,citroenen,8718270000000,citroenen vvp
01161,11610701,Bananen,820801,bananen verpakt,5425000000000,chiquita kids bananen
01161,11610703,Druiven,820502,druiven,8710400000000,pitloze blauwe druiven
01161,11610709,Overig fruit,820503,exoten,8710400000000,papaya
01161,11610705,Overig citrusvruchten,820004,mandarijnen,8722800000000,orri mandarijnen
01161,11610709,Overig fruit,820506,meloen,8722800000000,gele honing meloen
01161,11610706,Fruitsalades,820700,fruitsalades,8718910000000,verse meln kiwi aardb
01161,11610703,Druiven,820502,druiven,8718270000000,rode pitloze druif kvp
01161,11610709,Overig fruit,820503,exoten,8718910000000,pitahaya
01161,11610709,Overig fruit,220903,exoten,833614000000,ananas
01161,11610706,Fruitsalades,820700,fruitsalades,5038900000000,blue skies snackfr ananas
01161,11610703,Druiven,820502,druiven,8713890000000,pitloze witte druiven
01161,11610709,Overig fruit,820506,meloen,7422830000000,galia meloen
01161,11610705,Overig citrusvruchten,820508,citrus tafel,8710400000000,sinaasappel
01161,11610709,Overig fruit,220903,exoten,8722800000000,ekaki fruit
01161,11610709,Overig fruit,820507,steenfruit,8718270000000,pluot kvp
01161,11610702,Appels,820300,appelen schalen,8710400000000,bio jonagold schaal
01161,11610702,Appels,820600,appelen los,2260130000000,fuji los
01161,11610709,Overig fruit,220903,exoten,833614000000,ananas
01161,11610702,Appels,820301,appelen zak,8718910000000,buitenbeentjes appels
01161,11610709,Overig fruit,820506,meloen,8425780000000,watermeloen
01161,11610703,Druiven,820502,druiven,5425000000000,pitloze witte druiven
01161,11610709,Overig fruit,820507,steenfruit,8718910000000,pluot
01161,11610706,Fruitsalades,820700,fruitsalades,8710400000000,verse ana app man vvp
01161,11610709,Overig fruit,820507,steenfruit,8718800000000,witte nectarine
01161,11610706,Fruitsalades,256702,fruitsalade,5038900000000,snackfruit tropicoco
01161,11610708,"Aardbeien, bessen en kiwi",820504,aardbeien,8722800000000,nederlandse aardbeien
01161,11610706,Fruitsalades,820700,fruitsalades,5038900000000,watermeloen partjes
01161,11610704,Sinaasappels,820005,handsinaasappelen,8710400000000,handsinaasappelen
01161,11610709,Overig fruit,820506,meloen,2262730000000,cantaloupe meloen
01161,11610709,Overig fruit,820507,steenfruit,7290000000000,pruimen
01161,11610703,Druiven,820502,druiven,6009650000000,pitloze witte druiven
01161,11610703,Druiven,820502,druiven,8718270000000,rode druiven met pit
01161,11610705,Overig citrusvruchten,820508,citrus tafel,2261280000000,mandarijnen
01161,11610706,Fruitsalades,820700,fruitsalades,8718800000000,zongerijpt gsn fruit
01161,11610706,Fruitsalades,820700,fruitsalades,8718270000000,sinaasappel chunks
01161,11610709,Overig fruit,820507,steenfruit,8718910000000,bio nectarine
01161,11610709,Overig fruit,220903,exoten,832143000000,ananas
01161,11610708,"Aardbeien, bessen en kiwi",820504,aardbeien,8722800000000,aardbei hartverpakking
01161,11610706,Fruitsalades,820700,fruitsalades,8710400000000,verse ananas appel drf
01161,11610708,"Aardbeien, bessen en kiwi",820501,bessen,8718910000000,bio blauwe bessen
01161,11610706,Fruitsalades,820700,fruitsalades,8718910000000,verse sinas mel kiwi
01161,11610709,Overig fruit,220903,exoten,4014070000000,ananas
01161,11610703,Druiven,820502,druiven,8718910000000,muscat beauty druiven
01161,11610709,Overig fruit,820507,steenfruit,8718910000000,bio pruimen
01161,11610706,Fruitsalades,820700,fruitsalades,8718910000000,snack today wit druif
01161,11610702,Appels,820300,appelen schalen,8710400000000,royal gala schaal
01161,11610706,Fruitsalades,256702,fruitsalade,8710400000000,meloensalade
01161,11610702,Appels,820600,appelen los,8710400000000,appel rood
01161,11610703,Druiven,820502,druiven,8710400000000,pitloze witte druiven
01161,11610709,Overig fruit,820507,steenfruit,8718270000000,pruimen los
01161,11610705,Overig citrusvruchten,820004,mandarijnen,8710400000000,mandarijnen groot
01161,11610709,Overig fruit,820503,exoten,2200240000000,kiwano
01161,11610709,Overig fruit,820503,exoten,5050370000000,ananas
01161,11610704,Sinaasappels,221106,handsinaasappelen,8420100000000,handsinaasappelen med
01161,11610706,Fruitsalades,820700,fruitsalades,8718270000000,watermeloenstukjes
01161,11610703,Druiven,820502,druiven,8718910000000,adora druiven
01161,11610709,Overig fruit,820507,steenfruit,8713010000000,nectarines vvp
01161,11610703,Druiven,820502,druiven,8710400000000,pitloze rode druiven
01161,11610709,Overig fruit,820503,exoten,3700350000000,ananas
01161,11610707,Peren,820601,peren los,2261070000000,doyenne du comice
01161,11610706,Fruitsalades,820700,fruitsalades,8718270000000,watermeloenstukjes
01161,11610706,Fruitsalades,820700,fruitsalades,8718910000000,fruitsalade sinaasap
01161,11610706,Fruitsalades,820700,fruitsalades,8718800000000,tropische party pack
01161,11610703,Druiven,820502,druiven,6223000000000,pitloze witte druiven
01161,11610709,Overig fruit,820503,exoten,2260790000000,lychees
01161,11610707,Peren,820601,peren los,8718910000000,stoofperenpakket
01161,11610709,Overig fruit,820507,steenfruit,8718910000000,kersen kvp 200gr
01161,11610708,"Aardbeien, bessen en kiwi",820501,bessen,8427720000000,frambozen
01161,11610706,Fruitsalades,256702,fruitsalade,8710400000000,appel mango salade
01161,11610701,Bananen,820801,bananen verpakt,8710400000000,chiquita bananen
01161,11610706,Fruitsalades,222600,fruitsalades,8718270000000,fruitsalade kiwi
01161,11610702,Appels,820600,appelen los,2260850000000,kanzi los
01161,11610709,Overig fruit,820503,exoten,8718910000000,mangochutney pakket
01161,11610703,Druiven,220902,druiven,8033780000000,rode druiven met pit
01161,11610706,Fruitsalades,820700,fruitsalades,8718910000000,gr smooth spinazie sin
01161,11610702,Appels,820600,appelen los,8710400000000,junami los
01161,11610709,Overig fruit,820503,exoten,8718910000000,babyvijgen snackbeker
01161,11610709,Overig fruit,820503,exoten,5425000000000,ananas
01161,11610706,Fruitsalades,820700,fruitsalades,8718270000000,meloen melange
01161,11610709,Overig fruit,820503,exoten,4014070000000,ananas
01161,11610709,Overig fruit,820506,meloen,8718910000000,gwanipa meloen
01161,11610706,Fruitsalades,820700,fruitsalades,8718270000000,zomersal man kok 275gr
01161,11610708,"Aardbeien, bessen en kiwi",820504,aardbeien,8722800000000,nederlands aardbei kvp
01161,11610702,Appels,820600,appelen los,2262000000000,pink lady los
01161,11610706,Fruitsalades,820700,fruitsalades,8710400000000,verse ananas vvp
01161,11610708,"Aardbeien, bessen en kiwi",820501,bessen,8718270000000,ananas-aardbei
01161,11610701,Bananen,820801,bananen verpakt,5425000000000,chiquita bananen verpakt
01161,11610708,"Aardbeien, bessen en kiwi",820501,bessen,4327480000000,frambozen
01161,11610709,Overig fruit,820503,exoten,8718800000000,carambola
01161,11610709,Overig fruit,820503,exoten,8710400000000,granaatappel
01161,11610709,Overig fruit,820503,exoten,5050370000000,ananas
01161,11610708,"Aardbeien, bessen en kiwi",820501,bessen,8710400000000,bramen
01161,11610703,Druiven,220902,druiven,8009740000000,pitloze witte druiven
01161,11610708,"Aardbeien, bessen en kiwi",820501,bessen,8722800000000,framb hartverpakking
01161,11610709,Overig fruit,820503,exoten,2262980000000,papaya
01161,11610707,Peren,820400,peren schalen,8710400000000,conference peer schaal
01161,11610709,Overig fruit,820507,steenfruit,8718800000000,witte perzik
01161,11610709,Overig fruit,820503,exoten,8710400000000,passiefruit
01161,11610708,"Aardbeien, bessen en kiwi",820501,bessen,8718910000000,rode kruisbessen
01161,11610709,Overig fruit,820506,meloen,8718270000000,galia meloen
01161,11610703,Druiven,820502,druiven,8710400000000,pitloze blauwe druiven
01161,11610709,Overig fruit,820507,steenfruit,2264020000000,wilde perziken
01161,11610703,Druiven,820502,druiven,8717250000000,pitloze witte druiven
01161,11610704,Sinaasappels,820003,perssinaasappelen,8710400000000,bloedsinaasappelen
01161,11610709,Overig fruit,820503,exoten,5410720000000,bio ananas
01161,11610709,Overig fruit,820507,steenfruit,5201220000000,abrikozen bakje
01161,11610705,Overig citrusvruchten,820004,mandarijnen,8718910000000,mandarijnen 5kg p ds
01161,11610707,Peren,222400,peren schalen,8710400000000,forelle peren schaal
01161,11610708,"Aardbeien, bessen en kiwi",820501,bessen,8718910000000,zwarte bessen
01161,11610704,Sinaasappels,820003,perssinaasappelen,8710400000000,perssinaasappelen
01161,11610709,Overig fruit,820503,exoten,2262370000000,granaatappel
01161,11610705,Overig citrusvruchten,820004,mandarijnen,8710400000000,"persmandarijnen 1,5kg"
01161,11610709,Overig fruit,257200,snoepgroente   fruit,8710400000000,wortel bleeksel radijs
01161,11610708,"Aardbeien, bessen en kiwi",820505,kiwifruit,94001129,kiwi gold
01161,11610702,Appels,820300,appelen schalen,8710400000000,bio elstar schaal
01161,11610702,Appels,820301,appelen zak,8718270000000,bio appels
01161,11610704,Sinaasappels,820005,handsinaasappelen,8710400000000,handsinaasappelen med
01161,11610709,Overig fruit,820506,meloen,8412280000000,mini watermeloen
01161,11610702,Appels,820600,appelen los,8718910000000,kids kleine appeltjes
01161,11610709,Overig fruit,820507,steenfruit,52139,pluot los
01161,11610708,"Aardbeien, bessen en kiwi",820501,bessen,8718800000000,blauwe bessen
01161,11610708,"Aardbeien, bessen en kiwi",820501,bessen,8400050000000,frambozen vvp
01161,11610705,Overig citrusvruchten,820508,citrus tafel,8718910000000,fruitbox
01161,11610708,"Aardbeien, bessen en kiwi",820501,bessen,8718270000000,rode bessen vvp
01161,11610708,"Aardbeien, bessen en kiwi",820501,bessen,8722800000000,blauwe bes hartverpakking
01161,11610701,Bananen,820801,bananen verpakt,7861080000000,bananen zak 5 stuks
01161,11610706,Fruitsalades,256702,fruitsalade,8710400000000,watermeloen salade
01161,11610709,Overig fruit,820506,meloen,8710400000000,cantaloupe meloen
01161,11610708,"Aardbeien, bessen en kiwi",820501,bessen,8710400000000,blauwe bessen
01161,11610702,Appels,222300,appelen los,8718270000000,elstar doos
01161,11610702,Appels,820600,appelen los,2262030000000,junami los
01161,11610709,Overig fruit,820507,steenfruit,8718270000000,nectarines vvp
01161,11610706,Fruitsalades,820700,fruitsalades,8718910000000,snack today aardbei
01161,11610708,"Aardbeien, bessen en kiwi",820505,kiwifruit,8710400000000,bio kiwi
01161,11610702,Appels,820300,appelen schalen,8710400000000,bio santana schaal
01161,11610709,Overig fruit,820507,steenfruit,5201220000000,kersen
01161,11610702,Appels,820301,appelen zak,8710400000000,braeburn
01161,11610701,Bananen,221001,bananen los,8718100000000,to go chiquita banaan
01161,11610704,Sinaasappels,221104,perssinaasappelen,8420100000000,"perssinaasappelen 9,5"
01161,11610705,Overig citrusvruchten,820004,mandarijnen,8710400000000,mandarijnen
01161,11610703,Druiven,220902,druiven,8713700000000,pitloze witte druiven
01161,11610709,Overig fruit,820503,exoten,8717590000000,bio ananas
01161,11610709,Overig fruit,820506,meloen,8722800000000,mini piel de sapo
01161,11610706,Fruitsalades,820700,fruitsalades,8718270000000,watermeloen chunks vvp
01161,11610706,Fruitsalades,222600,fruitsalades,8718270000000,tropisch ontbijtfruit
01161,11610709,Overig fruit,820503,exoten,8722800000000,baby ananas
01161,11610709,Overig fruit,820506,meloen,2260780000000,piel de sapo meloen
01161,11610709,Overig fruit,820503,exoten,8718800000000,verse vijgen
01161,11610703,Druiven,820502,druiven,2266880000000,pitloze rode druiven los
01161,11610709,Overig fruit,820506,meloen,8430700000000,galia meloen
01161,11610702,Appels,820600,appelen los,2261870000000,rubens appelen
01161,11610706,Fruitsalades,256702,fruitsalade,8710400000000,verse aardbeien
01161,11610703,Druiven,820502,druiven,8718840000000,pitloze witte druiven
01161,11610708,"Aardbeien, bessen en kiwi",820501,bessen,8710400000000,rode bessen vvp
01161,11610709,Overig fruit,820503,exoten,8718270000000,fruit van de maand
01161,11610709,Overig fruit,820503,exoten,7441160000000,ananas
01161,11610709,Overig fruit,820503,exoten,8718910000000,kaki
01161,11610709,Overig fruit,220908,meloen,717524000000,cantaloupe meloen
01161,11610709,Overig fruit,820507,steenfruit,8718910000000,pruimen eetrijp schaal
01161,11610708,"Aardbeien, bessen en kiwi",820505,kiwifruit,52986,kiwi groen doos
01161,11610702,Appels,820600,appelen los,2260910000000,golden delicious
01161,11610709,Overig fruit,820506,meloen,7896810000000,gele honing meloen
01161,11610706,Fruitsalades,820700,fruitsalades,8710400000000,verse watermeloen
01161,11610704,Sinaasappels,820005,handsinaasappelen,8437000000000,handsinaasappelen med
01161,11610705,Overig citrusvruchten,820508,citrus tafel,8718910000000,pomelo
01161,11610705,Overig citrusvruchten,820004,mandarijnen,8420100000000,"persmandarijnen 1,5kg"
01161,11610705,Overig citrusvruchten,820004,mandarijnen,8718910000000,emmer mini mandarijnen
01161,11610709,Overig fruit,820507,steenfruit,2271680000000,pluot los
01161,11610705,Overig citrusvruchten,820004,mandarijnen,8718910000000,orri mandarijnen
01161,11610702,Appels,820300,appelen schalen,8710400000000,elstar schaal
01161,11610709,Overig fruit,220908,meloen,8713700000000,cantaloupe meloen
01161,11610708,"Aardbeien, bessen en kiwi",820501,bessen,8710400000000,bramen
01161,11610708,"Aardbeien, bessen en kiwi",820501,bessen,8718910000000,blauwe bessen emmer kg
01161,11610709,Overig fruit,820503,exoten,8718910000000,verse vijgen
01161,11610706,Fruitsalades,222600,fruitsalades,8710400000000,tropische fruitsalade
01161,11610706,Fruitsalades,256702,fruitsalade,8718800000000,ananas
01161,11610706,Fruitsalades,820700,fruitsalades,8718910000000,verse ananas heel
01161,11610702,Appels,820300,appelen schalen,8718270000000,biologische dalinco
01161,11610708,"Aardbeien, bessen en kiwi",820501,bessen,8710400000000,frambozen vvp
01161,11610708,"Aardbeien, bessen en kiwi",220907,kiwifruit,8718270000000,kiwi groen
01161,11610702,Appels,820301,appelen zak,8718270000000,jazz zak
01161,11610709,Overig fruit,820503,exoten,7443010000000,ananas
01161,11610707,Peren,820400,peren schalen,8717950000000,buitenbeentjes peren bak
01161,11610706,Fruitsalades,820700,fruitsalades,8718910000000,snack today appel
01161,11610708,"Aardbeien, bessen en kiwi",820505,kiwifruit,8718270000000,kiwi groen doos
01161,11610706,Fruitsalades,820700,fruitsalades,8718800000000,papaya lime chuncks
01161,11610709,Overig fruit,820503,exoten,7441020000000,ananas
01161,11610706,Fruitsalades,820700,fruitsalades,8718910000000,verse sinaasappel grapefr
01161,11610709,Overig fruit,220908,meloen,821783000000,cantaloupe meloen
01161,11610705,Overig citrusvruchten,820508,citrus tafel,8718270000000,mandarijnen kvp
01161,11610706,Fruitsalades,820700,fruitsalades,8718910000000,zongerijpt grntapp pit
01161,11610708,"Aardbeien, bessen en kiwi",820501,bessen,8718270000000,ananas-aardbei
01161,11610706,Fruitsalades,820700,fruitsalades,8718910000000,zongerijpt trp snackfr
01161,11610708,"Aardbeien, bessen en kiwi",820505,kiwifruit,8718910000000,bio kiwi gold 4 st
01161,11610709,Overig fruit,820507,steenfruit,8710400000000,kersen
01161,11610702,Appels,820600,appelen los,8718910000000,rode goudreinette
01161,11610704,Sinaasappels,820003,perssinaasappelen,8718910000000,bio perssinaasappel
01161,11610709,Overig fruit,820503,exoten,8718910000000,kumquats
01161,11610706,Fruitsalades,820700,fruitsalades,8710400000000,snoepfruit druiven
01161,11610708,"Aardbeien, bessen en kiwi",820504,aardbeien,8710400000000,nederlands aardbei kvp
01161,11610704,Sinaasappels,820005,handsinaasappelen,8718270000000,handsinaasappelen vvp
01161,11610709,Overig fruit,820506,meloen,8718800000000,mini watermeloen
01161,11610709,Overig fruit,820506,meloen,8710400000000,watermeloenpart
01161,11610703,Druiven,820502,druiven,8710400000000,pitloze witte druiven
01161,11610702,Appels,820300,appelen schalen,8710400000000,bio braeburn schaal
01161,11610705,Overig citrusvruchten,820508,citrus tafel,5400100000000,pomelo
01161,11610709,Overig fruit,820507,steenfruit,2248710000000,wilde nectarines los
01161,11610709,Overig fruit,820507,steenfruit,8718910000000,pluot eetrijp 4st
01161,11610708,"Aardbeien, bessen en kiwi",820504,aardbeien,8400050000000,nederlands aardbei kvp
01161,11610708,"Aardbeien, bessen en kiwi",820505,kiwifruit,8718270000000,kiwi groen los
01161,11610705,Overig citrusvruchten,820001,grapefruits,8710400000000,rode grapefruits
01161,11610702,Appels,820300,appelen schalen,8718270000000,granny smith schaal
01161,11610709,Overig fruit,820507,steenfruit,7610800000000,nectarines vvp
01161,11610708,"Aardbeien, bessen en kiwi",820501,bessen,8713700000000,bramen
01161,11610709,Overig fruit,820503,exoten,7441030000000,ananas
01161,11610703,Druiven,820502,druiven,4752050000000,pitloze rode druiven
01161,11610706,Fruitsalades,820700,fruitsalades,8718270000000,zongerijpt mango 175gr
01161,11610702,Appels,820600,appelen los,8718910000000,appeltaartpakket
01161,11610702,Appels,820300,appelen schalen,8710400000000,fuji appelen schaal
01161,11610708,"Aardbeien, bessen en kiwi",820504,aardbeien,8424310000000,aardbeien
01161,11610704,Sinaasappels,820005,handsinaasappelen,8710400000000,handsinaasappelen med
01161,11610709,Overig fruit,820503,exoten,833614000000,ananas
01161,11610709,Overig fruit,820503,exoten,7443010000000,ananas
01161,11610707,Peren,820601,peren los,2303730000000,forelle gelegd
01161,11610708,"Aardbeien, bessen en kiwi",820504,aardbeien,8718270000000,snack aardbeien
01161,11610703,Druiven,820502,druiven,5213000000000,pitloze witte druiven
01161,11610702,Appels,820300,appelen schalen,3700480000000,pink lady schaal
01161,11610709,Overig fruit,820507,steenfruit,8424310000000,nectarine 3 st
01161,11610707,Peren,820400,peren schalen,8717950000000,seizoensperen
01161,11610706,Fruitsalades,256702,fruitsalade,8710400000000,cantaloupe salade
01161,11610708,"Aardbeien, bessen en kiwi",820504,aardbeien,8400050000000,spaanse aardbeien
01161,11610703,Druiven,820502,druiven,8718910000000,sable grape druiven
01161,11610702,Appels,820600,appelen los,36054,kanzi los
01161,11610702,Appels,820600,appelen los,32940,jazz los
01161,11610706,Fruitsalades,256702,fruitsalade,8710400000000,appel ananas salade
01161,11610706,Fruitsalades,820700,fruitsalades,8710400000000,seizoensfruitsalade
01161,11610709,Overig fruit,820503,exoten,8718800000000,papaya
01161,11610708,"Aardbeien, bessen en kiwi",820501,bessen,8424060000000,frambozen vvp
01161,11610708,"Aardbeien, bessen en kiwi",820504,aardbeien,8718910000000,seizoensaardbei 500gr
01161,11610706,Fruitsalades,256702,fruitsalade,8718270000000,fruitsalade galia mel
01161,11610706,Fruitsalades,222600,fruitsalades,8718800000000,pwrfrt ananas grntapl
01161,11610709,Overig fruit,820503,exoten,38537730015,ananas
01161,11610708,"Aardbeien, bessen en kiwi",820501,bessen,8718270000000,cranberries
01161,11610706,Fruitsalades,222600,fruitsalades,8718270000000,fruitsalad sinaasappel
01161,11610702,Appels,820600,appelen los,2260810000000,royal gala los
01161,11610709,Overig fruit,220903,exoten,8717250000000,ananas
01161,11610705,Overig citrusvruchten,820508,citrus tafel,8420100000000,handsinaasappelen 5kg
01161,11610709,Overig fruit,820503,exoten,8710400000000,ananas
01161,11610703,Druiven,820502,druiven,8710400000000,pitloze witte druiven
01161,11610709,Overig fruit,220903,exoten,8717590000000,p e b f ananas
01161,11610708,"Aardbeien, bessen en kiwi",220904,aardbeien,8713700000000,spaanse aardbeien
01161,11610708,"Aardbeien, bessen en kiwi",820501,bessen,8710400000000,rode bessen
01161,11610705,Overig citrusvruchten,820004,mandarijnen,8437000000000,mandarijnen
01161,11610708,"Aardbeien, bessen en kiwi",820504,aardbeien,8718910000000,seizoensaardbei 500gr
01161,11610707,Peren,820400,peren schalen,8718270000000,eetrijpe conference
01161,11610708,"Aardbeien, bessen en kiwi",820501,bessen,8718910000000,framb hartverpakking
01161,11610708,"Aardbeien, bessen en kiwi",820501,bessen,8718270000000,snack blauwe bessen
01161,11610709,Overig fruit,820507,steenfruit,5203090000000,kersen
01161,11610706,Fruitsalades,820700,fruitsalades,8718910000000,zongerijpt trop fruit
01161,11610707,Peren,820601,peren los,8717950000000,internet peer 2 laag
01161,11610706,Fruitsalades,256702,fruitsalade,8710400000000,fruitsalade meloenmix
01161,11610709,Overig fruit,820506,meloen,8718800000000,mini watermeloen
01161,11610703,Druiven,820502,druiven,8722800000000,seizoensdruiven
01161,11610709,Overig fruit,820503,exoten,8718910000000,cactusvijgen
01161,11610704,Sinaasappels,820005,handsinaasappelen,8710400000000,handsinaasappelen grt
01161,11610709,Overig fruit,820503,exoten,8718310000000,pitahaya
01161,11610708,"Aardbeien, bessen en kiwi",220904,aardbeien,3000050000000,spaanse aardbeien
01161,11610706,Fruitsalades,820700,fruitsalades,5038900000000,blue skies queen victoria
01161,11610709,Overig fruit,820506,meloen,8717780000000,galia meloen
01161,11610705,Overig citrusvruchten,820004,mandarijnen,2260640000000,mandarijnen los
01161,11610704,Sinaasappels,820005,handsinaasappelen,20241681,handsinaasappelen grt
01161,11610709,Overig fruit,220903,exoten,4014070000000,ananas
01161,11610708,"Aardbeien, bessen en kiwi",820501,bessen,8718910000000,sweet eve frambozen
01161,11610709,Overig fruit,820506,meloen,8722800000000,cantaloupe meloen
01161,11610707,Peren,820601,peren los,2260960000000,conference gelegd
01161,11610706,Fruitsalades,256702,fruitsalade,8718800000000,galia cant watermeloen
01161,11610708,"Aardbeien, bessen en kiwi",820504,aardbeien,8722800000000,aardbei hartverpakking
01161,11610706,Fruitsalades,820700,fruitsalades,8718910000000,chocoladefondue fruit
01161,11610709,Overig fruit,820506,meloen,8412280000000,watermeloen
01161,11610708,"Aardbeien, bessen en kiwi",820504,aardbeien,8410700000000,aardbeien bakje
01161,11610707,Peren,820601,peren los,8717950000000,internet peer 1 laag
01161,11610703,Druiven,820502,druiven,8427840000000,pitloze rode druiven
01161,11610709,Overig fruit,820506,meloen,8426640000000,gwanipa meloen
01161,11610702,Appels,222201,appelen zak,3700480000000,pink lady pinkids
01161,11610706,Fruitsalades,222600,fruitsalades,8718270000000,rood fruit melange
01161,11610705,Overig citrusvruchten,820004,mandarijnen,8722800000000,mandarijnen jute zak
01161,11610704,Sinaasappels,820005,handsinaasappelen,8710400000000,handsinaasappelen med
01161,11610709,Overig fruit,820503,exoten,8718910000000,verse vijgen
01161,11610707,Peren,820601,peren los,2261080000000,triomphe de vienne los
01161,11610706,Fruitsalades,820700,fruitsalades,5038900000000,blue skies snackfr mango
01161,11610702,Appels,820301,appelen zak,8710400000000,zoete kleine appeltjes
01161,11610702,Appels,820300,appelen schalen,9419200000000,jazz schaal
01161,11610708,"Aardbeien, bessen en kiwi",820501,bessen,8710400000000,frambozen
01161,11610703,Druiven,820502,druiven,8710400000000,pitloze witte druiven
01161,11610709,Overig fruit,820507,steenfruit,8718800000000,reine claude verte
01161,11610703,Druiven,820502,druiven,8713230000000,westlandse druif
01161,11610709,Overig fruit,820503,exoten,8711280000000,ananasschiller
01161,11610702,Appels,820300,appelen schalen,8710400000000,pink lady schaal
01161,11610703,Druiven,820502,druiven,8718910000000,r appel druiven snack
01161,11610706,Fruitsalades,256702,fruitsalade,8710400000000,appel-trop fr salade
01161,11610709,Overig fruit,820503,exoten,8718910000000,kaki
01161,11610708,"Aardbeien, bessen en kiwi",220907,kiwifruit,5029260000000,kiwi groen
01161,11610703,Druiven,820502,druiven,8028830000000,pitloze rode druiven
01161,11610709,Overig fruit,220903,exoten,821784000000,ananas
01161,11610708,"Aardbeien, bessen en kiwi",820505,kiwifruit,8718270000000,kiwi groen vvp
01161,11610703,Druiven,820502,druiven,8722800000000,pitloze rode druiven
01161,11610709,Overig fruit,820507,steenfruit,8710400000000,pruimen
01161,11610707,Peren,820400,peren schalen,8718910000000,conference peren bak
01161,11610708,"Aardbeien, bessen en kiwi",820505,kiwifruit,94185454,kiwifruit
01161,11610709,Overig fruit,820503,exoten,8722800000000,kaki fruit
01161,11610709,Overig fruit,820500,mango,5060060000000,mango eetrijp
01161,11610708,"Aardbeien, bessen en kiwi",820504,aardbeien,8437000000000,aardbeien
01161,11610706,Fruitsalades,256702,fruitsalade,5038900000000,snackfruit passiemix
01161,11610703,Druiven,820502,druiven,8718800000000,cotton candy druiven
01161,11610702,Appels,820300,appelen schalen,8710400000000,gold delicious schaal
01161,11610709,Overig fruit,820507,steenfruit,8710400000000,abrikozen bakje
01161,11610705,Overig citrusvruchten,820004,mandarijnen,8718910000000,murcot mandarijnen
01161,11610708,"Aardbeien, bessen en kiwi",220901,bessen,8722800000000,blauwe bessen
01161,11610705,Overig citrusvruchten,820508,citrus tafel,33383146041,clementina kistje
01161,11610709,Overig fruit,820503,exoten,5425000000000,ananas
01161,11610706,Fruitsalades,820700,fruitsalades,8710400000000,ananasringen
01161,11610709,Overig fruit,820503,exoten,833614000000,ananas
01161,11610709,Overig fruit,820506,meloen,8717780000000,mini watermeloen
01161,11610709,Overig fruit,220910,steenfruit,8695950000000,kersen
01161,11610703,Druiven,820502,druiven,8717900000000,pitloze witte druiven
01161,11610705,Overig citrusvruchten,820004,mandarijnen,8710400000000,p e f mandarijnen
01161,11610706,Fruitsalades,820700,fruitsalades,8718910000000,ananascarpaccio
01161,11610705,Overig citrusvruchten,820000,citroenen,8435180000000,citroenen vvp
01161,11610706,Fruitsalades,820700,fruitsalades,8718270000000,tropische party pack
01161,11610709,Overig fruit,820500,mango,2262800000000,mango
01161,11610708,"Aardbeien, bessen en kiwi",820505,kiwifruit,5415190000000,kiwi groen vvp
01161,11610708,"Aardbeien, bessen en kiwi",820504,aardbeien,8713010000000,hollandse aardbeien
01161,11610708,"Aardbeien, bessen en kiwi",820505,kiwifruit,8713010000000,kiwi groen vvp
01161,11610708,"Aardbeien, bessen en kiwi",820504,aardbeien,8718910000000,seizoensaardbei 500gr
01161,11610709,Overig fruit,820503,exoten,5410720000000,ananasschiller
01161,11610709,Overig fruit,820503,exoten,8718870000000,ananas
01161,11610709,Overig fruit,220908,meloen,8437010000000,pitloze watermeloen
01161,11610708,"Aardbeien, bessen en kiwi",220904,aardbeien,8718530000000,hollandse aardbeien
01161,11610703,Druiven,820502,druiven,5201220000000,pitloze witte druiven
01161,11610702,Appels,820300,appelen schalen,8710400000000,braeburn schaal
01161,11610704,Sinaasappels,820003,perssinaasappelen,2262100000000,"perssinaasappelen 9,5"
01161,11610708,"Aardbeien, bessen en kiwi",820505,kiwifruit,7809580000000,kiwi groen vvp
01161,11610705,Overig citrusvruchten,820508,citrus tafel,2260350000000,minneola
01161,11610708,"Aardbeien, bessen en kiwi",820501,bessen,5400280000000,blauwe bessen
01161,11610708,"Aardbeien, bessen en kiwi",820501,bessen,8718910000000,frambozen kassa
01161,11610707,Peren,820400,peren schalen,8718270000000,peren bak
01161,11610703,Druiven,820502,druiven,6223000000000,pitloze witte druiven
01161,11610707,Peren,820400,peren schalen,8718910000000,kids kleine peertjes
01161,11610709,Overig fruit,220903,exoten,833614000000,ananas
01161,11610708,"Aardbeien, bessen en kiwi",820501,bessen,8710400000000,blauwe bessen
01161,11610709,Overig fruit,820503,exoten,8718910000000,ananas
01161,11610702,Appels,820600,appelen los,2260890000000,granny smith los
01161,11610709,Overig fruit,220910,steenfruit,8710400000000,nectarine
01161,11610709,Overig fruit,820500,mango,8858830000000,mango boomgerijpt
01161,11610701,Bananen,820801,bananen verpakt,8718270000000,bananen zak 5 stuks
01161,11610709,Overig fruit,220903,exoten,2262440000000,carambola
01161,11610702,Appels,820300,appelen schalen,8718910000000,partjes groene appel
01161,11610709,Overig fruit,820503,exoten,8718910000000,kaki 3st
01161,11610704,Sinaasappels,820005,handsinaasappelen,7318690000000,handsinaasappelen med
01161,11610706,Fruitsalades,256702,fruitsalade,8718270000000,fruitsalade rood fruit
01161,11610708,"Aardbeien, bessen en kiwi",820505,kiwifruit,5415190000000,zespri kiwi sungold vvp
01222,12220702,Orange,549302,frisdrank orange GVP,8710400000000,kc sinaasappel
01222,12220704,Icetea,33806,ice tea GVP,8712570000000,lipton ice tea sparkl 4fl
01222,12220705,Bitter,33810,fris lemon lime GVP,8715600000000,seven up
01222,12220708,Frisdranken overig,580205,b frisdrank,5029400000000,fentimans tonic 4pak bel
01222,12220703,Sportdranken,549312,Sport- energydrinks,9002490000000,red bull
01222,12220704,Icetea,33807,ice tea KVP,613009000000,arizona w tea berry
01222,12220702,Orange,33800,fris orange GVP,87331158,sisi orange multipack
01222,12220703,Sportdranken,33817,energiedranken,8711570000000,she energy drink
01222,12220702,Orange,33800,fris orange GVP,5411870000000,limondaine kzv orange
01222,12220701,Cola,33711,coca cola light KVP,54492387,coca-cola light fl
01222,12220708,Frisdranken overig,580205,b frisdrank,8710400000000,roosvicee aardb minions b
01222,12220708,Frisdranken overig,43201,AH eigen merk,8718800000000,alcoholvrij merlot
01222,12220702,Orange,33801,fris orange KVP,8435190000000,orangina original
01222,12220702,Orange,549302,frisdrank orange GVP,8718270000000,"sinas regular 6x1,5 l"
01222,12220704,Icetea,549308,Icetea GVP,8711200000000,lipton ice tea sparkling
01222,12220708,Frisdranken overig,182506,diversen,5449000000000,hawai tropical fl
01222,12220708,Frisdranken overig,580205,b frisdrank,5410220000000,schweppes tonic oran bel
01222,12220703,Sportdranken,33817,energiedranken,53563,bsc energy sf tray
01222,12220701,Cola,33701,pepsi light GVP,8715600000000,pepsi max cool lemon
01222,12220704,Icetea,33807,ice tea KVP,613009000000,arizona gr tea zero
01222,12220701,Cola,33704,pepsi regular KVP,8715600000000,pepsi mysterious mix
01222,12220704,Icetea,33807,ice tea KVP,8718910000000,bos ice t lem
01222,12220705,Bitter,549301,lemon-lime GVP,5410010000000,spa   fruit lemon
01222,12220708,Frisdranken overig,182504,kokoswater,8850390000000,mogu pineapple fl
01222,12220701,Cola,33711,coca cola light KVP,5449000000000,coca cola zero fl
01222,12220704,Icetea,33806,ice tea GVP,8712570000000,lipton ice tea zero lemon
01222,12220702,Orange,33801,fris orange KVP,87135725,sisi orange kzv bl
01222,12220701,Cola,33709,coca cola light GVP,9049000000000,coca cola light bl tray
01222,12220704,Icetea,33806,ice tea GVP,4001420000000,ijsthee citroen kzv
01222,12220703,Sportdranken,33817,energiedranken,8718910000000,nalu energizer
01222,12220708,Frisdranken overig,33808,fris overig GVP,9015160000000,almdudler
01222,12220703,Sportdranken,33815,sportdranken,8718910000000,sportdr orange
01222,12220704,Icetea,543007,ijsthee s,8712570000000,lipton ice tea zero 4pack
01222,12220708,Frisdranken overig,33900,kassakoeler,8717680000000,hp kokoswater
01222,12220705,Bitter,33805,bitters en mixen KVP,5425040000000,syndrome velvet tonic 4fl
01222,12220705,Bitter,33805,bitters en mixen KVP,87156393,royal club bit bl
01222,12220701,Cola,33708,coca cola regular GVP,5412370000000,dvd hunger games3
01222,12220705,Bitter,33810,fris lemon lime GVP,8718270000000,bsc lemon fl
01222,12220708,Frisdranken overig,33808,fris overig GVP,5449000000000,fanta zero pomelo
01222,12220701,Cola,33708,coca cola regular GVP,5449000000000,coca-cola
01222,12220705,Bitter,33809,fris lemon lime KVP,5449000000000,sprite
01222,12220704,Icetea,33807,ice tea KVP,8711200000000,lipton ice tea 4bl
01222,12220701,Cola,33700,pl en overig regular KVP,8714800000000,dr foots cola
01222,12220704,Icetea,33807,ice tea KVP,8712100000000,brisk sparkling bl
01222,12220708,Frisdranken overig,33900,kassakoeler,90162640,red bull gekoeld bl
01222,12220701,Cola,33709,coca cola light GVP,5000110000000,coca cola zero
01222,12220701,Cola,33701,pepsi light GVP,4060800000000,pepsi light
01222,12220708,Frisdranken overig,182506,diversen,8435070000000,hawai tropical fl
01222,12220703,Sportdranken,549312,Sport- energydrinks,5449000000000,burn energy drink
01222,12220708,Frisdranken overig,580205,b frisdrank,5449000000000,fanta orange pet bel
01222,12220708,Frisdranken overig,580205,b frisdrank,5449000000000,coca-cola zero pet bel
01222,12220701,Cola,33711,coca cola light KVP,5449000000000,coca-cola zero 4fl
01222,12220704,Icetea,33806,ice tea GVP,8710400000000,ijsthee light
01222,12220704,Icetea,33807,ice tea KVP,5060340000000,vivid green t lime
01222,12220704,Icetea,33806,ice tea GVP,8712570000000,lipton ice tea sparkl 4fl
01222,12220702,Orange,33800,fris orange GVP,5410010000000,spa orange
01222,12220708,Frisdranken overig,33804,BTG GVP,5449000000000,schweppes ind tonic
01222,12220708,Frisdranken overig,33808,fris overig GVP,3760180000000,kinderchampagne princess
01222,12220708,Frisdranken overig,33804,BTG GVP,5449000000000,schweppes b lemon light
01222,12220701,Cola,33704,pepsi regular KVP,87332827,pepsi max mini bl
01222,12220701,Cola,33712,pl en overig regular GVP,8718270000000,home brand cola
01222,12220705,Bitter,33805,bitters en mixen KVP,5449000000000,schweppes gin al bl
01222,12220708,Frisdranken overig,549310,overige frisdranken GVP,8713300000000,app sprank appel troebel
01222,12220704,Icetea,33806,ice tea GVP,8712570000000,lipton ice tea sparkling
01222,12220708,Frisdranken overig,549310,overige frisdranken GVP,87222500,london shandy
01222,12220701,Cola,33710,coca cola regular KVP,8718910000000,coca cola one way glas 8p
01222,12220703,Sportdranken,33815,sportdranken,5449000000000,aquarius orange bl
01222,12220701,Cola,33709,coca cola light GVP,5000110000000,coca-cola light
01222,12220708,Frisdranken overig,182506,diversen,9120060000000,omi s apfelstrudel
01222,12220708,Frisdranken overig,549311,overige frisdranken KVP,8710400000000,kc zwarte bes bl
01222,12220704,Icetea,33807,ice tea KVP,6009800000000,bos ice t lem g bio
01222,12220704,Icetea,33807,ice tea KVP,8710910000000,lipton ice sparkl
01222,12220701,Cola,33712,pl en overig regular GVP,8722200000000,raak kindercola 6fl
01222,12220708,Frisdranken overig,182506,diversen,8712860000000,canada dry ging ale
01222,12220701,Cola,33710,coca cola regular KVP,5449000000000,coca zero cherry bl
01222,12220705,Bitter,33809,fris lemon lime KVP,8715600000000,seven up mojito fl
01222,12220701,Cola,33710,coca cola regular KVP,5449000000000,coca cola glas 8fl
01222,12220703,Sportdranken,33817,energiedranken,90415036,red bull zero cal
01222,12220703,Sportdranken,549312,Sport- energydrinks,8717400000000,es energydrink
01222,12220701,Cola,33700,pl en overig regular KVP,8718910000000,cola regular 6bl
01222,12220702,Orange,33801,fris orange KVP,42116776,fanta orange fl
01222,12220701,Cola,33710,coca cola regular KVP,5449000000000,coca cola reg 15pck
01222,12220701,Cola,549202,Cola Zero GVP,5000110000000,coca-cola zero multipack
01222,12220704,Icetea,33807,ice tea KVP,8714100000000,lipton green tea
01222,12220708,Frisdranken overig,580205,b frisdrank,50112579,coca cola zero bel
01222,12220702,Orange,33800,fris orange GVP,5000110000000,fanta orange
01222,12220701,Cola,33710,coca cola regular KVP,5449000000000,coca-cola bl
01222,12220708,Frisdranken overig,580205,b frisdrank,5449000000000,nalu energizer bel
01222,12220701,Cola,33708,coca cola regular GVP,8718910000000,"coca-cola nrpet 1,25l 1x"
01222,12220703,Sportdranken,33817,energiedranken,3068320000000,v-energy drink bl
01222,12220705,Bitter,33805,bitters en mixen KVP,5060110000000,ft elderfl tonic
01222,12220708,Frisdranken overig,33808,fris overig GVP,5410010000000,spa   fruit lemon
01222,12220708,Frisdranken overig,182506,diversen,49000014242,fanta grape bl
01222,12220708,Frisdranken overig,580205,b frisdrank,8718910000000,ft tonic water bel
01222,12220708,Frisdranken overig,549311,overige frisdranken KVP,8713500000000,hero sinasappsap fl
01222,12220708,Frisdranken overig,580205,b frisdrank,5449000000000,nalu energy 6bl bel
01222,12220704,Icetea,33807,ice tea KVP,613009000000,arizona gr tea bl
01222,12220708,Frisdranken overig,182504,kokoswater,8850390000000,mogu coconut fl
01222,12220704,Icetea,549309,Icetea KVP,8711200000000,lipton brisk punch
01222,12220702,Orange,33800,fris orange GVP,8718270000000,bsc orange multipack
01222,12220708,Frisdranken overig,580205,b frisdrank,5060110000000,fev light tonic bel
01222,12220708,Frisdranken overig,182504,kokoswater,8850390000000,mogu lychee fl
01222,12220703,Sportdranken,33817,energiedranken,8728500000000,bullit energy sf
01222,12220703,Sportdranken,33817,energiedranken,90376559,redbull
01222,12220703,Sportdranken,33815,sportdranken,8718910000000,sportdr blue
01222,12220702,Orange,549303,frisdrank orange KVP,8710400000000,kc sinaasappel bl
01222,12220704,Icetea,33806,ice tea GVP,8719190000000,pw ice tea lemon
01222,12220702,Orange,33800,fris orange GVP,8718910000000,sinas light
01222,12220708,Frisdranken overig,33804,BTG GVP,8715600000000,rc ginger ale
01222,12220708,Frisdranken overig,33814,overige frisdranken KVP,87328127,raak kinderfr trop
01222,12220708,Frisdranken overig,33814,overige frisdranken KVP,87330205,sisi strawberry nb
01222,12220703,Sportdranken,33817,energiedranken,5060440000000,pow energy citr zes
01222,12220708,Frisdranken overig,580205,b frisdrank,5449000000000,aquarius bl berry 4fl bel
01222,12220708,Frisdranken overig,33804,BTG GVP,5060110000000,ft scilian lemonade
01222,12220703,Sportdranken,33817,energiedranken,42208655,heavywater energy
01222,12220704,Icetea,33806,ice tea GVP,8719190000000,pw earl grey jasmin
01222,12220704,Icetea,33807,ice tea KVP,8712100000000,pure leaf rasber fl
01222,12220701,Cola,33703,pepsi light KVP,8715600000000,pepsi cola light
01222,12220708,Frisdranken overig,33808,fris overig GVP,8715600000000,rivella light
01222,12220708,Frisdranken overig,33900,kassakoeler,8411550000000,solan de cabras kzv
01222,12220701,Cola,549204,Cola Light KVP,5449000000000,coca cola blik
01222,12220702,Orange,33800,fris orange GVP,5449000000000,fanta orange
01222,12220704,Icetea,549309,Icetea KVP,613009000000,arizona iced tea bl
01222,12220701,Cola,549205,Cola Zero KVP,8715600000000,pepsi max tray
01222,12220704,Icetea,33806,ice tea GVP,8712570000000,lipton ice tea sparkl 4fl
01222,12220701,Cola,33706,pl en overig light KVP,8718910000000,cola zero fl
01222,12220703,Sportdranken,33817,energiedranken,9002490000000,red bull lime ed bl
01222,12220701,Cola,33708,coca cola regular GVP,5000110000000,coca-cola multipack
01222,12220705,Bitter,33810,fris lemon lime GVP,8710400000000,lemon   lime light
01222,12220701,Cola,33710,coca cola regular KVP,54490697,cherry coke fl
01222,12220708,Frisdranken overig,580205,b frisdrank,5410220000000,schweppes tonic ging bel
01222,12220704,Icetea,33806,ice tea GVP,8719190000000,pw siroop gr tea citrus
01222,12220708,Frisdranken overig,33814,overige frisdranken KVP,8718910000000,supermalt alcv moutdrank
01222,12220705,Bitter,33809,fris lemon lime KVP,87177350,seven up free bl
01222,12220702,Orange,33800,fris orange GVP,8710400000000,sinas multipack 6fl
01222,12220701,Cola,33705,pl en overig light GVP,8718270000000,bsc cola light multip
01222,12220704,Icetea,33806,ice tea GVP,8712570000000,lipton ice tea zero sugar
01222,12220708,Frisdranken overig,33804,BTG GVP,87222487,london tonic
01222,12220703,Sportdranken,33815,sportdranken,8718910000000,bsc sportdr orange 6fl
01222,12220708,Frisdranken overig,580205,b frisdrank,5060110000000,fev india tonic bel
01222,12220701,Cola,33711,coca cola light KVP,5000110000000,coca-cola zero bl
01222,12220704,Icetea,33806,ice tea GVP,8710400000000,ijsthee light
01222,12220705,Bitter,33809,fris lemon lime KVP,5000110000000,sprite
01222,12220703,Sportdranken,33817,energiedranken,9002490000000,red bull red
01222,12220703,Sportdranken,549312,Sport- energydrinks,94150957,v-energy drink bl
01222,12220701,Cola,33708,coca cola regular GVP,5449000000000,coca cola bl tray
01222,12220703,Sportdranken,33817,energiedranken,831753000000,go fast  energy bl
01222,12220701,Cola,33711,coca cola light KVP,5449000000000,coca-cola light 12bl bel
01222,12220708,Frisdranken overig,33808,fris overig GVP,5425020000000,zagazoe despicable me fl
01222,12220701,Cola,33711,coca cola light KVP,5449000000000,coca-cola light 6bl
01222,12220705,Bitter,33810,fris lemon lime GVP,8718270000000,bsc lemon multi 6fl
01222,12220708,Frisdranken overig,33900,kassakoeler,5000110000000,coca-cola ice cold
01222,12220705,Bitter,33805,bitters en mixen KVP,8715600000000,rc bitter lemon
01222,12220703,Sportdranken,33815,sportdranken,8718910000000,bsc spdrnk orang
01222,12220703,Sportdranken,33817,energiedranken,8717780000000,bsc energy drink
01222,12220701,Cola,33709,coca cola light GVP,5000110000000,coca-cola light
01222,12220703,Sportdranken,33817,energiedranken,5060170000000,monster energy bl
01222,12220701,Cola,33705,pl en overig light GVP,8718910000000,bsc cola multipack
01222,12220703,Sportdranken,33817,energiedranken,8728500000000,rockstar energ drnk
01222,12220704,Icetea,33806,ice tea GVP,8714100000000,lipton ice tea green tea
01222,12220704,Icetea,33807,ice tea KVP,8712570000000,lipton green tea
01222,12220702,Orange,33801,fris orange KVP,5449000000000,fanta orange bl
01222,12220701,Cola,33711,coca cola light KVP,54490604,coca-cola light bl
01222,12220704,Icetea,549309,Icetea KVP,8711200000000,lipton brisk apple
01222,12220702,Orange,33801,fris orange KVP,3124480000000,orangina bol 6 fl
01222,12220701,Cola,33706,pl en overig light KVP,8718270000000,cola light 6bl
01222,12220701,Cola,33709,coca cola light GVP,5449000000000,coca-cola light lemon
01222,12220708,Frisdranken overig,549310,overige frisdranken GVP,8713500000000,hero appel-peer
01222,12220705,Bitter,33805,bitters en mixen KVP,8715600000000,roy cl tonic
01222,12220704,Icetea,33807,ice tea KVP,8718910000000,bos ice t peach bio
01222,12220704,Icetea,33806,ice tea GVP,8710400000000,ijsthee sprankelend
01222,12220705,Bitter,33805,bitters en mixen KVP,4260310000000,th tonic water 4fl
01222,12220701,Cola,33709,coca cola light GVP,5000110000000,coca-cola light multipack
01222,12220705,Bitter,33805,bitters en mixen KVP,54490130,schweppes bit lemon
01222,12220701,Cola,33705,pl en overig light GVP,8718910000000,bsc cola light
01222,12220701,Cola,549206,Cola Overig GVP,8710400000000,cola regular
01222,12220705,Bitter,33809,fris lemon lime KVP,5400110000000,spa citron fl
01222,12220708,Frisdranken overig,182506,diversen,5741000000000,vitamalt classic fl
01222,12220702,Orange,33801,fris orange KVP,87156027,sisi orange kzv bl
01222,12220708,Frisdranken overig,33814,overige frisdranken KVP,87328134,raak kinderfr aardb
01222,12220705,Bitter,33805,bitters en mixen KVP,87156409,royal club shandy
01222,12220701,Cola,33712,pl en overig regular GVP,8710400000000,cola regular
01222,12220702,Orange,33800,fris orange GVP,8710400000000,sinas light
01222,12220708,Frisdranken overig,33808,fris overig GVP,5410010000000,spa   fruit forest fruit
01222,12220708,Frisdranken overig,33814,overige frisdranken KVP,8715600000000,sisi no b mango fl
01222,12220701,Cola,33708,coca cola regular GVP,5000110000000,coca-cola
01222,12220708,Frisdranken overig,580205,b frisdrank,5410220000000,schweppes tonic pink bel
01222,12220703,Sportdranken,33817,energiedranken,9002490000000,red bull energy
01222,12220702,Orange,549303,frisdrank orange KVP,8710400000000,bsc orange bl
01222,12220708,Frisdranken overig,182504,kokoswater,8850390000000,mogu strawberry fl
01222,12220701,Cola,33703,pepsi light KVP,87332834,pepsi max
01222,12220702,Orange,33801,fris orange KVP,4005910000000,activeo2 oran lemon
01222,12220703,Sportdranken,33817,energiedranken,5060170000000,monster energy 4bl
01222,12220704,Icetea,549309,Icetea KVP,8711200000000,lipton brisk dragon
01222,12220705,Bitter,33805,bitters en mixen KVP,5060110000000,ft ginger ale
01222,12220702,Orange,33801,fris orange KVP,3249760000000,orangina fl
01222,12220708,Frisdranken overig,580205,b frisdrank,8712100000000,lipton original ice t bel
01222,12220708,Frisdranken overig,33808,fris overig GVP,8715600000000,sisi sin mango multipack
01222,12220702,Orange,33801,fris orange KVP,3124480000000,orangina bol fl
01222,12220705,Bitter,33809,fris lemon lime KVP,87156218,seven up free 4bl
01222,12220708,Frisdranken overig,33808,fris overig GVP,5410010000000,spa   fruit appel
01222,12220703,Sportdranken,33817,energiedranken,8728500000000,rock star gr apple
01222,12220704,Icetea,33806,ice tea GVP,8719190000000,pw green tea citrus fl
01222,12220705,Bitter,33810,fris lemon lime GVP,8718910000000,bsc lemon multi 4fl
01222,12220702,Orange,33800,fris orange GVP,8718270000000,bsc orange fl
01222,12220704,Icetea,33806,ice tea GVP,8718110000000,lipton ice tea lemon
01222,12220702,Orange,549302,frisdrank orange GVP,8718270000000,sinas regular 4fl
01222,12220702,Orange,33800,fris orange GVP,8715600000000,sisi sinas mango no bub
01222,12220708,Frisdranken overig,580205,b frisdrank,3192200000000,champomy alcohol vrij bel
01222,12220708,Frisdranken overig,549310,overige frisdranken GVP,3760180000000,kinderchampagne princess
01222,12220701,Cola,33710,coca cola regular KVP,5449000000000,coca-cola 4fl
01222,12220701,Cola,33700,pl en overig regular KVP,8717780000000,bsc cola
01222,12220703,Sportdranken,33815,sportdranken,87330915,aa hydratation zero
01222,12220708,Frisdranken overig,580205,b frisdrank,3352370000000,champ pommery bel
01222,12220701,Cola,33712,pl en overig regular GVP,8710400000000,cola regular multipack
01222,12220701,Cola,33711,coca cola light KVP,5449000000000,coca cola zero 15pack
01222,12220704,Icetea,33807,ice tea KVP,8722700000000,lipton sparkl ice tea 6bl
01222,12220703,Sportdranken,33817,energiedranken,8728500000000,bullit energy 6bl
01222,12220708,Frisdranken overig,33808,fris overig GVP,5022020000000,belv org limonade bio
01222,12220708,Frisdranken overig,580205,b frisdrank,5410030000000,liptonice pz bl bel
01222,12220704,Icetea,33806,ice tea GVP,8712570000000,lipton ice tea sparkling
01222,12220703,Sportdranken,33815,sportdranken,8710400000000,sportdr orange
01222,12220703,Sportdranken,33817,energiedranken,5060340000000,monster energy red
01222,12220702,Orange,33800,fris orange GVP,8715600000000,sisi orange
01222,12220701,Cola,33700,pl en overig regular KVP,90494581,dr pepper fl
01222,12220703,Sportdranken,33815,sportdranken,87222395,aa isolemon
01222,12220702,Orange,33800,fris orange GVP,5000110000000,fanta apple cherry
01222,12220708,Frisdranken overig,580205,b frisdrank,8712570000000,lipton icet zero fl bel
01222,12220701,Cola,33700,pl en overig regular KVP,5449000000000,dr pepper bl
01222,12220701,Cola,549201,Cola Light GVP,8717780000000,home brand cola light
01222,12220702,Orange,549302,frisdrank orange GVP,8718270000000,oggu organic orange
01222,12220708,Frisdranken overig,182506,diversen,5029580000000,old jam ginger beer
01222,12220708,Frisdranken overig,182506,diversen,49000014266,fanta strawberry bl
01222,12220704,Icetea,33806,ice tea GVP,8718110000000,lipton ice tea peach
01222,12220704,Icetea,33807,ice tea KVP,8718910000000,ice tea green tea 6bl
01222,12220708,Frisdranken overig,580205,b frisdrank,5060110000000,fev tr ging ale bel
01222,12220708,Frisdranken overig,580205,b frisdrank,87222937,barleduc citr bel
01222,12220701,Cola,33709,coca cola light GVP,5449000000000,coca-cola li caf.fr multi
01222,12220704,Icetea,33806,ice tea GVP,8712100000000,lipton ice tea sparkl 4fl
01222,12220701,Cola,33711,coca cola light KVP,5449000000000,coca-cola light 9-pack
01222,12220702,Orange,33801,fris orange KVP,4005910000000,activeo2 apple kiwi
01222,12220703,Sportdranken,33815,sportdranken,87133264,extran orange fl
01222,12220703,Sportdranken,33817,energiedranken,5060170000000,monster rehab bl
01222,12220704,Icetea,33807,ice tea KVP,8710850000000,lipton ice tea 4bl
01222,12220708,Frisdranken overig,580205,b frisdrank,5449000000000,finley sinas cranb 4p bel
01222,12220701,Cola,33700,pl en overig regular KVP,8711440000000,dr pepper bl
01222,12220708,Frisdranken overig,580205,b frisdrank,5449000000000,fanta special edition bel
01222,12220708,Frisdranken overig,33808,fris overig GVP,5410010000000,spa   fruit lemon
01222,12220705,Bitter,33805,bitters en mixen KVP,5449000000000,schweppes in ton bl
01222,12220704,Icetea,33806,ice tea GVP,4001420000000,ijsthee perzik kzv
01222,12220703,Sportdranken,33817,energiedranken,8718270000000,bsc energy drink tray
01222,12220702,Orange,33801,fris orange KVP,8715600000000,sisi sinterklaasbo
01222,12220708,Frisdranken overig,33808,fris overig GVP,8715600000000,rivella 4 pack
01222,12220705,Bitter,33810,fris lemon lime GVP,4060800000000,seven up free
01222,12220708,Frisdranken overig,33900,kassakoeler,8710400000000,sinas regular
01222,12220703,Sportdranken,33815,sportdranken,87222968,aa isolemon
01222,12220704,Icetea,549309,Icetea KVP,8712570000000,lipton green tea 4fl
01222,12220701,Cola,33710,coca cola regular KVP,5449000000000,coca cola blik
01222,12220703,Sportdranken,33817,energiedranken,5449000000000,nalu energizer exot
01222,12220704,Icetea,33806,ice tea GVP,8712570000000,lipton ice tea zero lemon
01222,12220701,Cola,33702,pepsi regular GVP,4060800000000,pepsi cola
01222,12220702,Orange,33800,fris orange GVP,8718270000000,sinas stevia
01222,12220701,Cola,33712,pl en overig regular GVP,8715600000000,dr pepper
01222,12220701,Cola,33710,coca cola regular KVP,5449000000000,coca-cola 12-multipack
01222,12220704,Icetea,33807,ice tea KVP,8712100000000,pure leaf mint fl
01222,12220702,Orange,33801,fris orange KVP,5449000000000,sprite refresh bl
01222,12220704,Icetea,33807,ice tea KVP,8711200000000,lipton ice peach fl
01222,12220703,Sportdranken,33817,energiedranken,9002490000000,red bull energy 4bl
01222,12220704,Icetea,33806,ice tea GVP,8712570000000,lipton green tea lemon
01222,12220705,Bitter,33810,fris lemon lime GVP,5000110000000,fanta zero lemon
01222,12220708,Frisdranken overig,33900,kassakoeler,8717680000000,hp blauwe bosbes
01222,12220703,Sportdranken,33815,sportdranken,5449000000000,aquarius lemon 6bl
01222,12220703,Sportdranken,549312,Sport- energydrinks,54490963,aquarius lemon bl
01222,12220703,Sportdranken,33817,energiedranken,4260200000000,heavywater sf
01222,12220704,Icetea,33806,ice tea GVP,8712570000000,lipton ice tea zero lemon
01222,12220704,Icetea,33807,ice tea KVP,8710400000000,ijsthee light
01222,12220704,Icetea,33807,ice tea KVP,8722700000000,lipton green tea
01222,12220708,Frisdranken overig,33808,fris overig GVP,87222012,bar-le-duc red fruit
01222,12220703,Sportdranken,33815,sportdranken,54490802,aquarius orange
01222,12220704,Icetea,33806,ice tea GVP,8719190000000,pw black tea perzik
01222,12220704,Icetea,33806,ice tea GVP,8718400000000,ttb ice tea dark ceylon
01222,12220703,Sportdranken,33817,energiedranken,5060170000000,monster ripper
01222,12220704,Icetea,33806,ice tea GVP,6009880000000,bos ice t berry pk bio
01222,12220702,Orange,33801,fris orange KVP,5410010000000,spa orange fl
01222,12220704,Icetea,549309,Icetea KVP,8712570000000,lipt fusions perz p
01222,12220705,Bitter,33810,fris lemon lime GVP,5410010000000,spa citron
01222,12220704,Icetea,33806,ice tea GVP,8712100000000,lipton fruity spark fl
01222,12220703,Sportdranken,33817,energiedranken,8728500000000,rockstar xdurance
01222,12220703,Sportdranken,33817,energiedranken,8717780000000,bsc energy sf
01222,12220708,Frisdranken overig,33814,overige frisdranken KVP,8719700000000,bsc ice lollipops
01222,12220701,Cola,33706,pl en overig light KVP,8718910000000,cola light 6bl
01222,12220702,Orange,549302,frisdrank orange GVP,8713300000000,app sprank sinaas min cal
01222,12220708,Frisdranken overig,33808,fris overig GVP,8718270000000,pure plus aloe vera drink
01222,12220704,Icetea,33807,ice tea KVP,8718800000000,ice tea green bl
01222,12220708,Frisdranken overig,580205,b frisdrank,5410010000000,spa lemon cactus bel
01222,12220702,Orange,33801,fris orange KVP,87156010,sisi orange kzv bl
01222,12220704,Icetea,33806,ice tea GVP,8711000000000,pw classic tea lemon
01222,12220705,Bitter,33809,fris lemon lime KVP,4060800000000,seven up fl
01222,12220705,Bitter,33805,bitters en mixen KVP,4260310000000,th elderflower fl
01222,12220704,Icetea,33807,ice tea KVP,8718910000000,ice tea green bl
01222,12220701,Cola,33711,coca cola light KVP,5000110000000,coca-cola light bl
01222,12220704,Icetea,33807,ice tea KVP,6009800000000,bos ice t peach bio 4bl
01222,12220704,Icetea,33806,ice tea GVP,8710910000000,pure leaf lemon fl
01222,12220708,Frisdranken overig,580205,b frisdrank,87126655,nestea perzik bel
01222,12220704,Icetea,33807,ice tea KVP,8718910000000,bos ice t berry bio
01222,12220701,Cola,33711,coca cola light KVP,5449000000000,coca-cola light 12bl
01222,12220703,Sportdranken,33815,sportdranken,87222432,aa isotone drink
01222,12220704,Icetea,33807,ice tea KVP,613009000000,arizona peach
01222,12220701,Cola,33708,coca cola regular GVP,5000110000000,coca-cola fifa voetbal
01222,12220704,Icetea,549308,Icetea GVP,8711000000000,pickwick ice tea peach
01222,12220702,Orange,549303,frisdrank orange KVP,8718270000000,oggu orange regular
01222,12220704,Icetea,33806,ice tea GVP,613009000000,arizona green tea pomgran
01222,12220705,Bitter,33809,fris lemon lime KVP,5410010000000,spa citron 4 bl
01222,12220705,Bitter,33805,bitters en mixen KVP,4260310000000,th gingerale fl
01222,12220702,Orange,33801,fris orange KVP,8715600000000,sisi no b action fl
01222,12220708,Frisdranken overig,33814,overige frisdranken KVP,8715600000000,sisi nb strawberry
01222,12220701,Cola,33705,pl en overig light GVP,8718910000000,cola light multipack
01222,12220701,Cola,33709,coca cola light GVP,5000110000000,coca-cola zero
01222,12220704,Icetea,33807,ice tea KVP,8711200000000,lipton ice lemon fl
01222,12220708,Frisdranken overig,182506,diversen,815934000000,coco rico
01222,12220701,Cola,33701,pepsi light GVP,4060800000000,pepsi cola max
01222,12220701,Cola,549200,Cola Reg GVP,5000110000000,coca-cola reg. voord.pack
01222,12220708,Frisdranken overig,182504,kokoswater,5035140000000,grace coco wtr bl
01222,12220705,Bitter,33805,bitters en mixen KVP,5060110000000,ft indian tonic
01222,12220708,Frisdranken overig,580205,b frisdrank,3124480000000,oasis tropical bel
01222,12220704,Icetea,33807,ice tea KVP,8712570000000,lipton ice tea 4bl
01222,12220701,Cola,549206,Cola Overig GVP,8710400000000,cola cafeinevrij
01222,12220703,Sportdranken,33815,sportdranken,8710400000000,sportdrank orange 6fl
01222,12220701,Cola,549206,Cola Overig GVP,8718270000000,cola regular multipack
01222,12220702,Orange,33800,fris orange GVP,8718910000000,bsc orange fl
01222,12220708,Frisdranken overig,33900,kassakoeler,5000110000000,fanta ic
01222,12220702,Orange,33801,fris orange KVP,8710400000000,sinas regular
01222,12220702,Orange,549302,frisdrank orange GVP,8717780000000,es orange
01222,12220701,Cola,33706,pl en overig light KVP,8718910000000,cola light bl
01222,12220708,Frisdranken overig,33808,fris overig GVP,5449000000000,fanta lemon bl
01222,12220701,Cola,33710,coca cola regular KVP,5000110000000,coca-cola bl
01222,12220708,Frisdranken overig,33808,fris overig GVP,8710400000000,roosvicee multi ki sin
01222,12220705,Bitter,33810,fris lemon lime GVP,8718910000000,bsc lemon fl
01222,12220703,Sportdranken,549312,Sport- energydrinks,8710400000000,es energydrink
01222,12220701,Cola,33711,coca cola light KVP,5449000000000,coca cola life 6bl
01222,12220708,Frisdranken overig,33804,BTG GVP,8715600000000,royal club grapefruit
01222,12220705,Bitter,33809,fris lemon lime KVP,87156195,seven up regular 4bl
01222,12220704,Icetea,33806,ice tea GVP,8712100000000,lipton ice tea lemon
01222,12220704,Icetea,549309,Icetea KVP,8711000000000,pw classictea lemon
01222,12220703,Sportdranken,33817,energiedranken,5060470000000,nalu energizer
01222,12220708,Frisdranken overig,580205,b frisdrank,8710400000000,roosvicee mango+sin bel
01222,12220701,Cola,33701,pepsi light GVP,87331127,pepsi cola light 4fl
01222,12220708,Frisdranken overig,182506,diversen,72063013129,white rock rt beer
01222,12220708,Frisdranken overig,33808,fris overig GVP,87222456,raak gazeus framb
01222,12220703,Sportdranken,33817,energiedranken,8718270000000,bsc energy sf tray
01222,12220701,Cola,33711,coca cola light KVP,5449000000000,coca-cola light bl 4pack
01222,12220708,Frisdranken overig,580205,b frisdrank,5449000000000,sprite zero fl bel
01222,12220701,Cola,33708,coca cola regular GVP,5000110000000,coca-cola vanilla
01222,12220703,Sportdranken,33817,energiedranken,9002490000000,red bull energy 6bl
01222,12220701,Cola,33710,coca cola regular KVP,5449000000000,coca-cola 12-multipack
01222,12220701,Cola,33708,coca cola regular GVP,5000110000000,"coca cola reg 1,5 l 4pack"
01222,12220708,Frisdranken overig,580205,b frisdrank,8712100000000,lipton or green t 8pk bel
01222,12220708,Frisdranken overig,33804,BTG GVP,5000110000000,schweppes ind tonic fl
01222,12220708,Frisdranken overig,33808,fris overig GVP,5022020000000,belv org ginger beer bio
01222,12220704,Icetea,33807,ice tea KVP,613009000000,arizona tea lemonad
01222,12220704,Icetea,33806,ice tea GVP,8712100000000,lipton fruity spark fl
01222,12220701,Cola,33711,coca cola light KVP,5449000000000,coca-cola zero 6bl
01222,12220708,Frisdranken overig,580205,b frisdrank,5449000000000,finley pomp bsinas 4p bel
01222,12220703,Sportdranken,33815,sportdranken,8718910000000,bsc sportdr yellow 6fl
01222,12220708,Frisdranken overig,580205,b frisdrank,5449000000000,aquarius orange 4fl bel
01222,12220702,Orange,33800,fris orange GVP,5000110000000,fanta zero multipack
01222,12220708,Frisdranken overig,33804,BTG GVP,8715600000000,royal club bitter lemon
01222,12220701,Cola,549200,Cola Reg GVP,8717780000000,home brand cola
01222,12220708,Frisdranken overig,33804,BTG GVP,5000110000000,schweppes ginger ale fl
01222,12220701,Cola,33711,coca cola light KVP,5449000000000,coca-cola light 4fl
01222,12220704,Icetea,33806,ice tea GVP,8718400000000,ttb ice tea green
01222,12220702,Orange,33801,fris orange KVP,8002270000000,s pellegrino rossa 6bl
01222,12220701,Cola,33706,pl en overig light KVP,90415654,red bull cola bl
01222,12220702,Orange,33801,fris orange KVP,5000110000000,fanta orange bl
01222,12220705,Bitter,33809,fris lemon lime KVP,8715600000000,seven up free 4bl
01222,12220702,Orange,33800,fris orange GVP,5449000000000,fanta zero multipack
01222,12220705,Bitter,33809,fris lemon lime KVP,87156843,seven up bl
01222,12220701,Cola,33702,pepsi regular GVP,87331110,pepsi cola multipack
01222,12220708,Frisdranken overig,33808,fris overig GVP,5449000000000,fanta lemon 6bl
01222,12220704,Icetea,33806,ice tea GVP,55185,lipton ice tea sparkl 4fl
01222,12220704,Icetea,549309,Icetea KVP,8722200000000,london green tea 6fl
01222,12220708,Frisdranken overig,580205,b frisdrank,3124480000000,gini lemon 6bl bel
01222,12220703,Sportdranken,33817,energiedranken,8710640000000,fernandes guaran bl
01222,12220702,Orange,33800,fris orange GVP,8710400000000,sinas light multip 6fl
01222,12220705,Bitter,33810,fris lemon lime GVP,5410010000000,spa apple
01222,12220703,Sportdranken,33817,energiedranken,5060170000000,monster lo-carb bl
01222,12220704,Icetea,549309,Icetea KVP,8712570000000,lipton ice tea zero
01222,12220708,Frisdranken overig,33814,overige frisdranken KVP,87328110,raak kinderpower
01222,12220708,Frisdranken overig,33808,fris overig GVP,5414150000000,k3 kinder bubbels
01222,12220704,Icetea,33807,ice tea KVP,613009000000,arizona half tea half lem
01222,12220705,Bitter,549301,lemon-lime GVP,8718270000000,oggu organic lemon lime
01222,12220701,Cola,33711,coca cola light KVP,5449000000000,coca cola life bl
01222,12220704,Icetea,33807,ice tea KVP,8719190000000,pw earl tea citroen
01222,12220705,Bitter,33809,fris lemon lime KVP,5410010000000,spa lemon cactus 4 bl
01222,12220702,Orange,33800,fris orange GVP,8722200000000,"es orange 6x1,5ltr"
01222,12220704,Icetea,549309,Icetea KVP,4260120000000,arizona pomegranate
01222,12220704,Icetea,33807,ice tea KVP,8710910000000,lipton mint lime fl
01222,12220704,Icetea,33807,ice tea KVP,8718910000000,bos ice t lem g bio
01222,12220701,Cola,33705,pl en overig light GVP,8718270000000,cola light multipack
01222,12220705,Bitter,33810,fris lemon lime GVP,8710400000000,lemon   lime light
01222,12220708,Frisdranken overig,580205,b frisdrank,3124480000000,oasis agrumes fl bel
01222,12220704,Icetea,549308,Icetea GVP,8718110000000,lipton ice tea cranberry
01222,12220701,Cola,33709,coca cola light GVP,5000110000000,coca cola light uit 4pk
01222,12220704,Icetea,33807,ice tea KVP,50303670,lipton ice sparkl
01222,12220704,Icetea,33806,ice tea GVP,613009000000,arizone iced tea peach fl
01222,12220701,Cola,33702,pepsi regular GVP,8715600000000,pepsi cola multipack
01222,12220708,Frisdranken overig,182504,kokoswater,5035140000000,grace coco wtr pcs
01222,12220701,Cola,33711,coca cola light KVP,5449000000000,coca cola light pe
01222,12220708,Frisdranken overig,580205,b frisdrank,5410220000000,schweppes indton pet bel
01222,12220703,Sportdranken,549312,Sport- energydrinks,8715600000000,goood energy berry
01222,12220701,Cola,33700,pl en overig regular KVP,8718800000000,bsc cola bl
01222,12220705,Bitter,33809,fris lemon lime KVP,5410010000000,spa citron
01222,12220708,Frisdranken overig,549311,overige frisdranken KVP,8710640000000,fernandes lgreen bl
01222,12220701,Cola,33703,pepsi light KVP,8715600000000,pepsi next fl
01222,12220703,Sportdranken,33815,sportdranken,8001160000000,gatorade orange sportdop
01222,12220708,Frisdranken overig,182504,kokoswater,8850390000000,mogu cola fl
01222,12220708,Frisdranken overig,33808,fris overig GVP,8715600000000,sisi wild berry
01222,12220703,Sportdranken,549312,Sport- energydrinks,5449000000000,aquarius softcitrus
01222,12220703,Sportdranken,33815,sportdranken,87222203,aa high energy
01222,12220708,Frisdranken overig,33808,fris overig GVP,5022020000000,belvoir elderfower
01222,12220705,Bitter,33809,fris lemon lime KVP,5410010000000,spa lemon cactus 6 bl
01222,12220708,Frisdranken overig,33808,fris overig GVP,8710400000000,roosvicee multi bos light
01222,12220708,Frisdranken overig,33900,kassakoeler,87222975,aa high energy cool
01222,12220703,Sportdranken,549312,Sport- energydrinks,5060170000000,monster khaos
01222,12220701,Cola,33709,coca cola light GVP,5000110000000,"coca cola light 1,5l 4pak"
01222,12220701,Cola,33710,coca cola regular KVP,5449000000000,coca-cola blik 9-pack
01222,12220708,Frisdranken overig,580205,b frisdrank,8717700000000,seven up petfl bel
01222,12220705,Bitter,33810,fris lemon lime GVP,5410010000000,spa citron 100  natuur fl
01222,12220701,Cola,33702,pepsi regular GVP,4060800000000,pepsi cola
01222,12220701,Cola,33705,pl en overig light GVP,8718270000000,cola light
01222,12220701,Cola,33702,pepsi regular GVP,8710800000000,pepsi cola
01222,12220703,Sportdranken,33817,energiedranken,5449000000000,nalu energizer
01222,12220702,Orange,33801,fris orange KVP,5449000000000,fanta orange 6 bl
01222,12220705,Bitter,33809,fris lemon lime KVP,5000110000000,fanta lemon
01222,12220704,Icetea,549308,Icetea GVP,8718110000000,lipton ice tea lemon
01222,12220702,Orange,33800,fris orange GVP,8718910000000,sinas multipack 6fl
01222,12220703,Sportdranken,549312,Sport- energydrinks,9008700000000,bullit energy bl
01222,12220704,Icetea,33807,ice tea KVP,8718910000000,ice tea green bl
01222,12220701,Cola,33709,coca cola light GVP,5449000000000,coca cola light bl tray
01222,12220703,Sportdranken,549312,Sport- energydrinks,8714800000000,v-energy drink bl
01222,12220705,Bitter,33810,fris lemon lime GVP,5000110000000,sprite
01222,12220701,Cola,549200,Cola Reg GVP,8718270000000,oggu organic cola regular
01222,12220701,Cola,33712,pl en overig regular GVP,8722200000000,raak kindercola 6fl
01222,12220701,Cola,33711,coca cola light KVP,5449000000000,coca-cola light bl
01222,12220702,Orange,33800,fris orange GVP,8718270000000,sinas light
01222,12220708,Frisdranken overig,580205,b frisdrank,5060110000000,fev medit tonic water bel
01222,12220705,Bitter,33805,bitters en mixen KVP,8715600000000,roy cl ginger ale
01222,12220708,Frisdranken overig,33804,BTG GVP,8715600000000,royal club fresh citrus
01222,12220703,Sportdranken,33817,energiedranken,8728500000000,rockstar energ drnk
01222,12220708,Frisdranken overig,580205,b frisdrank,5449000000000,fanta zero orange pet bel
01222,12220701,Cola,33700,pl en overig regular KVP,8710400000000,cola regular fl
01222,12220703,Sportdranken,33817,energiedranken,5060440000000,pow energy coco lim
01222,12220708,Frisdranken overig,580205,b frisdrank,9015160000000,almdudler fl bel
01222,12220703,Sportdranken,33817,energiedranken,5601050000000,guarana antarctica
01222,12220704,Icetea,33806,ice tea GVP,8718110000000,lipton green tea strawb
01222,12220701,Cola,33708,coca cola regular GVP,5000110000000,coca cola regular
01222,12220704,Icetea,33807,ice tea KVP,6009800000000,bos ice t berry bio 4bl
01222,12220704,Icetea,33806,ice tea GVP,8710400000000,ijsthee sprankelend
01222,12220708,Frisdranken overig,580205,b frisdrank,87328080,barleduc framb bel
01222,12220708,Frisdranken overig,580205,b frisdrank,8712570000000,lipton original ice t bel
01222,12220701,Cola,549205,Cola Zero KVP,4060800000000,pepsi max tray
01222,12220704,Icetea,33807,ice tea KVP,613009000000,arizona peach
01222,12220708,Frisdranken overig,33808,fris overig GVP,5410010000000,spa clear appel peer
01222,12220705,Bitter,33810,fris lemon lime GVP,5410010000000,spa citrus fruit
01222,12220704,Icetea,33807,ice tea KVP,8712100000000,lipton green tea bl
01222,12220705,Bitter,33809,fris lemon lime KVP,3292090000000,sprite
01222,12220701,Cola,33709,coca cola light GVP,5449000000000,coca-cola light 4fl
01222,12220708,Frisdranken overig,33814,overige frisdranken KVP,5410010000000,spa apple fl
01222,12220704,Icetea,33807,ice tea KVP,8710910000000,lipton greentea jas
01222,12220701,Cola,33705,pl en overig light GVP,8710400000000,cola light
01222,12220708,Frisdranken overig,580205,b frisdrank,5449000000000,finley citr vlierb 4p bel
01222,12220701,Cola,33709,coca cola light GVP,5000110000000,coca cola zero uit 4pk
01222,12220703,Sportdranken,33815,sportdranken,8718910000000,sportdrank lemon 6fl
01222,12220708,Frisdranken overig,182504,kokoswater,17321500607,trop cocomilk drink
01222,12220704,Icetea,33807,ice tea KVP,8718910000000,bos ice t lem g bio
01222,12220702,Orange,33801,fris orange KVP,8715600000000,sisi no b action fl
01222,12220701,Cola,33712,pl en overig regular GVP,5449000000000,dr pepper
01222,12220705,Bitter,33810,fris lemon lime GVP,5000110000000,sprite zero
01222,12220704,Icetea,549309,Icetea KVP,4260120000000,arizona green
01222,12220704,Icetea,33806,ice tea GVP,8712570000000,lipton ice tea green tea
01222,12220704,Icetea,33807,ice tea KVP,6009800000000,bos ice t lem gin bio 4bl
01222,12220704,Icetea,549309,Icetea KVP,8712570000000,lipton ice tea zero
01222,12220704,Icetea,33806,ice tea GVP,8718270000000,bsc lemon ice tea
01222,12220708,Frisdranken overig,33814,overige frisdranken KVP,5410010000000,spa apple fl
01222,12220702,Orange,33801,fris orange KVP,5449000000000,fanta orange 6fl
01222,12220704,Icetea,33807,ice tea KVP,6009800000000,bos ice t lem
01222,12220702,Orange,33800,fris orange GVP,8710400000000,sinas regular
01222,12220701,Cola,549200,Cola Reg GVP,5000110000000,coca cola inflatab
01222,12220702,Orange,33801,fris orange KVP,5449000000000,fanta zero bl
01222,12220708,Frisdranken overig,33804,BTG GVP,5000110000000,schweppes bitter lemon fl
01222,12220705,Bitter,549300,lemon-lime KVP,8718270000000,oggu lemon lime
01222,12220703,Sportdranken,549312,Sport- energydrinks,87184006,extran hydro lemon
01222,12220708,Frisdranken overig,182506,diversen,9120060000000,omi s apfelstrudel
01222,12220708,Frisdranken overig,182506,diversen,8712630000000,faja lobi gr punch
01222,12220708,Frisdranken overig,182506,diversen,9311490000000,bunda ginger beer
01222,12220708,Frisdranken overig,580205,b frisdrank,3124480000000,oasis tropical 6fl bel
01222,12220708,Frisdranken overig,33808,fris overig GVP,5411870000000,limondaine kzv lemon
01222,12220701,Cola,33711,coca cola light KVP,5449000000000,coca cola life fl
01222,12220704,Icetea,33807,ice tea KVP,8718800000000,ice tea green tea 6bl
01222,12220704,Icetea,33807,ice tea KVP,8718910000000,bos ice t peach bio
01222,12220703,Sportdranken,33815,sportdranken,50112784,aquarius lemon
01222,12220704,Icetea,549308,Icetea GVP,8711200000000,lipton ice tea peach
01222,12220708,Frisdranken overig,580205,b frisdrank,5410010000000,spa apple bel
01222,12220705,Bitter,33810,fris lemon lime GVP,5000110000000,sprite munt
01222,12220701,Cola,33705,pl en overig light GVP,8718910000000,cola light fl
01222,12220703,Sportdranken,33815,sportdranken,87330946,aa hydratation zero
01222,12220703,Sportdranken,33817,energiedranken,8728500000000,bullit energy bl
01222,12220701,Cola,33711,coca cola light KVP,5449000000000,coca cola zero 12bl
01222,12220701,Cola,33711,coca cola light KVP,5449000000000,coca-cola li cf bl
01222,12220708,Frisdranken overig,33814,overige frisdranken KVP,8710400000000,bsc ice lollipops
01222,12220704,Icetea,33806,ice tea GVP,8710400000000,ijsthee citroen kzv
01222,12220703,Sportdranken,33817,energiedranken,8717780000000,bsc energy sf tray
01222,12220708,Frisdranken overig,33814,overige frisdranken KVP,8718860000000,"charlie s le, li mi"
01222,12220701,Cola,33700,pl en overig regular KVP,8715600000000,dr pepper fl
01222,12220704,Icetea,33806,ice tea GVP,8712100000000,lipton red fruits pk
01222,12220702,Orange,33801,fris orange KVP,8715600000000,sisi orange regular 4 bl
01222,12220703,Sportdranken,549312,Sport- energydrinks,5414150000000,extran energy orange 4fl
01222,12220701,Cola,33711,coca cola light KVP,5449000000000,coca-cola zero bl
01222,12220704,Icetea,33807,ice tea KVP,6009800000000,bos ice t lemon bio 4bl
01222,12220701,Cola,33708,coca cola regular GVP,5000110000000,coca-cola reg. voord.pack
01222,12220708,Frisdranken overig,549311,overige frisdranken KVP,8715600000000,sisi no b raspb fl
01222,12220705,Bitter,33810,fris lemon lime GVP,8715600000000,seven up
01222,12220708,Frisdranken overig,549310,overige frisdranken GVP,8718100000000,sprinqler sinaas mango
01222,12220701,Cola,33706,pl en overig light KVP,8718270000000,bsc cola light
01222,12220703,Sportdranken,33815,sportdranken,4005910000000,active o2 lemon
01222,12220702,Orange,33800,fris orange GVP,8715600000000,orangina regular
01222,12220702,Orange,33800,fris orange GVP,5000110000000,fanta orange
01222,12220702,Orange,33800,fris orange GVP,8715600000000,sisi orange no bubbles
01222,12220705,Bitter,33810,fris lemon lime GVP,8710400000000,lemon lime regular
01222,12220701,Cola,33712,pl en overig regular GVP,8718910000000,cola stevia
01222,12220708,Frisdranken overig,33808,fris overig GVP,5410010000000,spa fruit pink grapefruit
01222,12220708,Frisdranken overig,549306,bitters   mixen GVP,5449000000000,schweppes citrus fusion
01222,12220708,Frisdranken overig,33900,kassakoeler,5410010000000,spa lemon cold fl
01222,12220701,Cola,33708,coca cola regular GVP,5412370000000,dvd hunger games2
01222,12220708,Frisdranken overig,33808,fris overig GVP,54492493,fanta lemon
01222,12220701,Cola,33710,coca cola regular KVP,5449000000000,coca-cola blik 4-pack
01222,12220701,Cola,33711,coca cola light KVP,5449000000000,coca-cola zero 9-pack
01222,12220708,Frisdranken overig,580205,b frisdrank,4060800000000,pepsi regular petfl bel
01222,12220703,Sportdranken,33817,energiedranken,5060250000000,scheckt lite bio
01222,12220701,Cola,33708,coca cola regular GVP,5449000000000,coca-cola multipack
01222,12220701,Cola,33712,pl en overig regular GVP,8711440000000,dr pepper
01222,12220702,Orange,33800,fris orange GVP,8718910000000,sinas regular
01222,12220708,Frisdranken overig,549306,bitters   mixen GVP,8711900000000,wicky fruit fris aardbei
01222,12220702,Orange,33800,fris orange GVP,8435190000000,orangina light
01222,12220708,Frisdranken overig,549310,overige frisdranken GVP,3760180000000,kinderchampagne cars
01222,12220708,Frisdranken overig,580205,b frisdrank,5060110000000,fev elder tonic bel
01222,12220708,Frisdranken overig,182506,diversen,8712860000000,mtn dew code red bl
01222,12220705,Bitter,33810,fris lemon lime GVP,8710400000000,lemon   lime regular
01222,12220705,Bitter,33809,fris lemon lime KVP,5410010000000,spa citron bl
01222,12220704,Icetea,33806,ice tea GVP,4001420000000,ijsthee perzik kzv
01222,12220708,Frisdranken overig,33804,BTG GVP,8715600000000,royal club tonic classic
01222,12220708,Frisdranken overig,580205,b frisdrank,5060110000000,fev tr ginger ale 4pk bel
01222,12220708,Frisdranken overig,580205,b frisdrank,5449000000000,fanta still sinaas 4p bel
01222,12220701,Cola,33712,pl en overig regular GVP,8718270000000,bsc cola
01222,12220708,Frisdranken overig,33814,overige frisdranken KVP,5410010000000,spa lemon cactus fl
01222,12220708,Frisdranken overig,33808,fris overig GVP,87222029,bar-le-duc pink grape
01222,12220701,Cola,33710,coca cola regular KVP,5000110000000,coca-cola bl
01222,12220708,Frisdranken overig,33814,overige frisdranken KVP,8718860000000,charlie s bl cur ac
